{
  "model_name": "BERT",
  "accuracy": 0.9615,
  "precision": 0.7148356529464022,
  "recall": 0.9263238679969301,
  "f1_score": 0.8069530335951863,
  "error_rate": 0.03849999999999998,
  "roc_auc": 0.9905132409912574,
  "confusion_matrix": [
    [
      26431,
      963
    ],
    [
      192,
      2414
    ]
  ],
  "classification_report": {
    "compliant": {
      "precision": 0.9927881906622094,
      "recall": 0.9648463167116887,
      "f1-score": 0.978617842531055,
      "support": 27394.0
    },
    "non_compliant": {
      "precision": 0.7148356529464022,
      "recall": 0.9263238679969301,
      "f1-score": 0.8069530335951863,
      "support": 2606.0
    },
    "accuracy": 0.9615,
    "macro avg": {
      "precision": 0.8538119218043058,
      "recall": 0.9455850923543094,
      "f1-score": 0.8927854380631206,
      "support": 30000.0
    },
    "weighted avg": {
      "precision": 0.9686433802192963,
      "recall": 0.9615,
      "f1-score": 0.9637058927948259,
      "support": 30000.0
    }
  },
  "total_samples": 30000,
  "true_positives": 2414,
  "true_negatives": 26431,
  "false_positives": 963,
  "false_negatives": 192
}