{
  "model_name": "XGBoost",
  "accuracy": 0.9599,
  "precision": 0.6879185641575141,
  "recall": 0.985418265541059,
  "f1_score": 0.8102224325603408,
  "error_rate": 0.040100000000000025,
  "roc_auc": 0.9897178357087117,
  "confusion_matrix": [
    [
      26229,
      1165
    ],
    [
      38,
      2568
    ]
  ],
  "classification_report": {
    "compliant": {
      "precision": 0.9985533178512963,
      "recall": 0.9574724392202673,
      "f1-score": 0.9775814837591547,
      "support": 27394.0
    },
    "non_compliant": {
      "precision": 0.6879185641575141,
      "recall": 0.985418265541059,
      "f1-score": 0.8102224325603408,
      "support": 2606.0
    },
    "accuracy": 0.9599,
    "macro avg": {
      "precision": 0.8432359410044052,
      "recall": 0.9714453523806632,
      "f1-score": 0.8939019581597477,
      "support": 30000.0
    },
    "weighted avg": {
      "precision": 0.9715695122470964,
      "recall": 0.9599,
      "f1-score": 0.9630435608450177,
      "support": 30000.0
    }
  },
  "total_samples": 30000,
  "true_positives": 2568,
  "true_negatives": 26229,
  "false_positives": 1165,
  "false_negatives": 38
}