{
  "accuracy": 0.9935541818566069,
  "confusion_matrix": [
    [
      11698,
      8
    ],
    [
      114,
      7107
    ]
  ],
  "classification_report": {
    "compliant": {
      "precision": 0.9903487978327125,
      "recall": 0.9993165897830173,
      "f1-score": 0.9948124840547665,
      "support": 11706.0
    },
    "non_compliant": {
      "precision": 0.9988756148981026,
      "recall": 0.9842127129206482,
      "f1-score": 0.9914899553571429,
      "support": 7221.0
    },
    "accuracy": 0.9935541818566069,
    "macro avg": {
      "precision": 0.9946122063654075,
      "recall": 0.9917646513518328,
      "f1-score": 0.9931512197059547,
      "support": 18927.0
    },
    "weighted avg": {
      "precision": 0.9936019359966678,
      "recall": 0.9935541818566069,
      "f1-score": 0.9935448780038584,
      "support": 18927.0
    }
  }
}