{
  "timestamp": "2025-10-22T18:10:28.549591",
  "sample_size": null,
  "models_trained": [
    "XGBoost"
  ],
  "best_model": "XGBoost",
  "best_accuracy": 0.9599,
  "target_achieved": true,
  "models": {
    "XGBoost": {
      "accuracy": 0.9599,
      "precision": 0.6879185641575141,
      "recall": 0.985418265541059,
      "f1_score": 0.8102224325603408,
      "training_time_minutes": 1.6185694177945456
    }
  }
}